D_8(T).jpg,D
C_3_ad.jpg,C
Q_7_OD.jpeg,Q
I_1_ad.jpg,I
W_7_OD.jpeg,W
K_5_OD.jpeg,K
K_7_OD.jpeg,K
M_2_ad.jpg,M
G_2.jpeg,G
D_5_OD.jpeg,D
Y_8(T).jpg,Y
P_4(T).jpg,P
W_1.jpeg,W
M_6(T).jpg,M
S_5_ad.jpg,S
S_8(T).jpg,S
K_8(T).jpg,K
Y_2_OD.jpeg,Y
W_2(T).jpg,W
B_3_ad.jpg,B
H_3_OD.jpeg,H
G_6(T).jpg,G
R_3_OD.jpeg,R
L_4(T).jpg,L
Q_5(T).jpg,Q
I_7(T).jpg,I
A_5_OD.jpeg,A
U_2_OD.jpeg,U
B_1.jpeg,B
A_4(T).jpg,A
O_2_ad.jpg,O
Y_6_ad.jpg,Y
X_2(T).jpg,X
M_4_OD.jpeg,M
M_3.jpeg,M
T_4_ad.jpg,T
S_2_ad.jpg,S
R_1_ad.jpg,R
Y_8_ad.jpg,Y
A_1_OD.jpeg,A
U_7_OD.jpeg,U
B_3_OD.jpeg,B
C_6_ad.jpg,C
E_1_OD.jpeg,E
H_2(T).jpg,H
P_7_OD.jpeg,P
P_2_ad.jpg,P
B_4_ad.jpg,B
M_6_ad.jpg,M
T_1.jpeg,T
F_6_OD.jpeg,F
T_6(T).jpg,T
G_3(T).jpg,G
G_4_OD.jpeg,G
C_4(T).jpg,C
Q_5_OD.jpeg,Q
P_7(T).jpg,P
V_5(T).jpg,V
U_2.jpeg,U
X_3(T).jpg,X
X_1_ad.jpg,X
G_7(T).jpg,G
O_1.jpeg,O
V_7_OD.jpeg,V
W_6_ad.jpg,W
Y_2(T).jpg,Y
Q_1_OD.jpeg,Q
F_5(T).jpg,F
K_7(T).jpg,K
Q_4_OD.jpeg,Q
D_7_ad.jpg,D
U_5_ad.jpg,U
Q_8(T).jpg,Q
T_3_ad.jpg,T
Y_1.jpeg,Y
A_2_OD.jpeg,A
G_3_ad.jpg,G
Q_1.jpeg,Q
B_1_ad.jpg,B
S_4(T).jpg,S
C_7(T).jpg,C
I_1_OD.jpeg,I
N_8(T).jpg,N
T_5(T).jpg,T
G_2(T).jpg,G
P_1_ad.jpg,P
F_3(T).jpg,F
R_6_ad.jpg,R
V_4_ad.jpg,V
T_2_OD.jpeg,T
Q_1_ad.jpg,Q
C_4_ad.jpg,C
F_1_OD.jpeg,F
D_6(T).jpg,D
T_2_ad.jpg,T
N_2_ad.jpg,N
F_5_OD.jpeg,F
X_4_ad.jpg,X
G_2_OD.jpeg,G
K_4_OD.jpeg,K
H_4(T).jpg,H
W_8(T).jpg,W
C_2(T).jpg,C
W_7(T).jpg,W
C_2_OD.jpeg,C
M_1_ad.jpg,M
V_1(T).jpg,V
A_3_ad.jpg,A
R_1.jpeg,R
I_4_ad.jpg,I
Y_1(T).jpg,Y
T_2(T).jpg,T
V_2_OD.jpeg,V
S_4_OD.jpeg,S
Y_5_ad.jpg,Y
U_6(T).jpg,U
X_7(T).jpg,X
L_8_ad.jpg,L
M_1.jpeg,M
Y_1_OD.jpeg,Y
N_8_ad.jpg,N
C_5_OD.jpeg,C
D_1_OD.jpeg,D
M_4_ad.jpg,M
M_1(T).jpg,M
U_3_OD.jpeg,U
H_3_ad.jpg,H
X_7_OD.jpeg,X
A_7_OD.jpeg,A
W_3(T).jpg,W
G_6_OD.jpeg,G
O_1_OD.jpeg,O
U_3(T).jpg,U
S_6_OD.jpeg,S
R_6_OD.jpeg,R
F_3_OD.jpeg,F
R_3_ad.jpg,R
Y_2_ad.jpg,Y
X_6_OD.jpeg,X
B_5_ad.jpg,B
N_1(T).jpg,N
X_3_ad.jpg,X
A_3_OD.jpeg,A
G_5_ad.jpg,G
F_5_ad.jpg,F
G_6_ad.jpg,G
U_2_ad.jpg,U
A_2(T).jpg,A
B_6_ad.jpg,B
S_1.jpeg,S
I_6(T).jpg,I
Q_7_ad.jpg,Q
N_5_ad.jpg,N
N_6_ad.jpg,N
U_3_ad.jpg,U
C_2_ad.jpg,C
L_6(T).jpg,L
W_7_ad.jpg,W
Q_7(T).jpg,Q
U_6_OD.jpeg,U
Y_7(T).jpg,Y
E_7_OD.jpeg,E
Q_3.jpeg,Q
T_7(T).jpg,T
U_4(T).jpg,U
O_6(T).jpg,O
G_4(T).jpg,G
V_7_ad.jpg,V
O_3(T).jpg,O
X_1_OD.jpeg,X
G_5_OD.jpeg,G
Y_4_OD.jpeg,Y
P_6_ad.jpg,P
Y_4_ad.jpg,Y
S_6(T).jpg,S
X_7_ad.jpg,X
O_2(T).jpg,O
K_2_ad.jpg,K
Y_2.jpeg,Y
H_5_ad.jpg,H
R_7_OD.jpeg,R
N_1.jpeg,N
B_3(T).jpg,B
B_1_OD.jpeg,B
X_5_ad.jpg,X
U_7(T).jpg,U
E_5_OD.jpeg,E
N_5_OD.jpeg,N
Q_1(T).jpg,Q
E_7(T).jpg,E
V_2.jpeg,V
Q_3_OD.jpeg,Q
D_3_ad.jpg,D
D_5_ad.jpg,D
E_1.jpeg,E
F_2.jpeg,F
X_2.jpeg,X
V_4_OD.jpeg,V
C_1_OD.jpeg,C
Y_4(T).jpg,Y
N_2.jpeg,N
M_8(T).jpg,M
Y_3(T).jpg,Y
C_7_OD.jpeg,C
K_2_OD.jpeg,K
Q_4_ad.jpg,Q
P_1(T).jpg,P
F_4(T).jpg,F
E_2(T).jpg,E
V_3(T).jpg,V
R_4_ad.jpg,R
W_1_OD.jpeg,W
S_2.jpeg,S
C_2.jpeg,C
O_1_ad.jpg,O
V_1.jpeg,V
D_6_ad.jpg,D
K_1_ad.jpg,K
W_5_ad.jpg,W
L_4_OD.jpeg,L
G_5(T).jpg,G
P_5_OD.jpeg,P
V_6(T).jpg,V
O_6_ad.jpg,O
P_6_OD.jpeg,P
T_1_OD.jpeg,T
E_1_ad.jpg,E
O_4_ad.jpg,O
S_3_OD.jpeg,S
M_3(T).jpg,M
W_4_ad.jpg,W
B_8(T).jpg,B
Q_3(T).jpg,Q
Q_2(T).jpg,Q
R_4_OD.jpeg,R
Y_1_ad.jpg,Y
U_8(T).jpg,U
V_5_OD.jpeg,V
L_3_OD.jpeg,L
D_1(T).jpg,D
M_7_ad.jpg,M
G_1(T).jpg,G
O_8(T).jpg,O
C_5_ad.jpg,C
R_7(T).jpg,R
O_4_OD.jpeg,O
S_8_ad.jpg,S
P_8(T).jpg,P
Q_6(T).jpg,Q
U_1_OD.jpeg,U
N_2_OD.jpeg,N
P_3_ad.jpg,P
K_4(T).jpg,K
C_1(T).jpg,C
W_3_ad.jpg,W
P_2_OD.jpeg,P
E_2_ad.jpg,E
R_8(T).jpg,R
F_2(T).jpg,F
H_1(T).jpg,H
Y_5(T).jpg,Y
G_7_ad.jpg,G
B_2(T).jpg,B
B_7_OD.jpeg,B
V_6_ad.jpg,V
L_4_ad.jpg,L
O_2.jpeg,O
P_3_OD.jpeg,P
F_1.jpeg,F
P_1.jpeg,P
V_2(T).jpg,V
K_7_ad.jpg,K
O_7_OD.jpeg,O
K_1(T).jpg,K
I_6_OD.jpeg,I
H_4_OD.jpeg,H
Q_6_ad.jpg,Q
M_5_OD.jpeg,M
L_6_ad.jpg,L
R_2.jpeg,R
E_3_ad.jpg,E
W_3_OD.jpeg,W
N_2(T).jpg,N
V_2_ad.jpg,V
B_7(T).jpg,B
O_7_ad.jpg,O
H_5_OD.jpeg,H
U_1(T).jpg,U
Q_3_ad.jpg,Q
D_3(T).jpg,D
G_1_ad.jpg,G
H_7(T).jpg,H
H_7_ad.jpg,H
G_8(T).jpg,G
N_7_ad.jpg,N
B_5(T).jpg,B
E_3_OD.jpeg,E
D_1.jpeg,D
Y_7_OD.jpeg,Y
H_1_ad.jpg,H
M_2.jpeg,M
Q_6_OD.jpeg,Q
I_3_OD.jpeg,I
N_6_OD.jpeg,N
S_1_ad.jpg,S
S_2(T).jpg,S
L_2(T).jpg,L
E_3(T).jpg,E
L_1.jpeg,L
B_4_OD.jpeg,B
M_8_ad.jpg,M
W_2_OD.jpeg,W
R_2(T).jpg,R
F_4_ad.jpg,F
I_2_ad.jpg,I
S_6_ad.jpg,S
W_1(T).jpg,W
Y_6(T).jpg,Y
A_4_ad.jpg,A
P_7_ad.jpg,P
P_3(T).jpg,P
V_3_ad.jpg,V
O_5_ad.jpg,O
K_5(T).jpg,K
Q_4(T).jpg,Q
R_7_ad.jpg,R
A_6_OD.jpeg,A
M_5(T).jpg,M
N_4(T).jpg,N
I_1.jpeg,I
P_5_ad.jpg,P
C_3_OD.jpeg,C
K_6_ad.jpg,K
N_3_OD.jpeg,N
E_5(T).jpg,E
V_7(T).jpg,V
D_4_OD.jpeg,D
D_1_ad.jpg,D
T_5_ad.jpg,T
H_2_ad.jpg,H
I_8(T).jpg,I
I_4(T).jpg,I
R_3(T).jpg,R
A_3(T).jpg,A
E_2_OD.jpeg,E
S_1(T).jpg,S
W_5(T).jpg,W
X_4(T).jpg,X
S_7(T).jpg,S
O_5_OD.jpeg,O
D_7(T).jpg,D
D_5(T).jpg,D
Q_2.jpeg,Q
T_6_OD.jpeg,T
T_4(T).jpg,T
U_2(T).jpg,U
H_6_ad.jpg,H
N_1_OD.jpeg,N
O_1(T).jpg,O
M_7_OD.jpeg,M
L_7_OD.jpeg,L
N_3_ad.jpg,N
H_1.jpeg,H
K_3_ad.jpg,K
K_1_OD.jpeg,K
A_7_ad.jpg,A
X_6(T).jpg,X
R_1_OD.jpeg,R
C_4_OD.jpeg,C
D_3_OD.jpeg,D
T_5_OD.jpeg,T
O_7(T).jpg,O
Q_2_ad.jpg,Q
H_4_ad.jpg,H
B_4(T).jpg,B
H_3(T).jpg,H
C_8(T).jpg,C
P_2(T).jpg,P
W_6(T).jpg,W
I_3_ad.jpg,I
K_6(T).jpg,K
P_5(T).jpg,P
O_3_OD.jpeg,O
K_4_ad.jpg,K
M_1_OD.jpeg,M
A_6_ad.jpg,A
N_4_ad.jpg,N
U_7_ad.jpg,U
M_7(T).jpg,M
T_1_ad.jpg,T
L_1_ad.jpg,L
L_6_OD.jpeg,L
E_6_OD.jpeg,E
U_4_ad.jpg,U
N_7(T).jpg,N
H_5(T).jpg,H
T_1(T).jpg,T
T_7_ad.jpg,T
W_5_OD.jpeg,W
V_1_OD.jpeg,V
A_8(T).jpg,A
S_4_ad.jpg,S
L_5(T).jpg,L
B_6_OD.jpeg,B
D_2(T).jpg,D
N_5(T).jpg,N
D_7_OD.jpeg,D
E_4_ad.jpg,E
I_3(T).jpg,I
X_1.jpeg,X
E_5_ad.jpg,E
V_3_OD.jpeg,V
Y_3_ad.jpg,Y
E_4_OD.jpeg,E
X_3_OD.jpeg,X
W_2_ad.jpg,W
K_1.jpeg,K
F_8(T).jpg,F
N_1_ad.jpg,N
A_1(T).jpg,A
V_8(T).jpg,V
U_5_OD.jpeg,U
G_4_ad.jpg,G
D_6_OD.jpeg,D
Q_2_OD.jpeg,Q
N_6(T).jpg,N
D_2_ad.jpg,D
M_5_ad.jpg,M
X_8_ad.jpg,X
X_2_OD.jpeg,X
L_8(T).jpg,L
L_1(T).jpg,L
F_3_ad.jpg,F
E_7_ad.jpg,E
L_2_ad.jpg,L
I_7_ad.jpg,I
Y_3_OD.jpeg,Y
R_4(T).jpg,R
S_5(T).jpg,S
L_7(T).jpg,L
F_7_OD.jpeg,F
G_3_OD.jpeg,G
O_2_OD.jpeg,O
W_4_OD.jpeg,W
L_1_OD.jpeg,L
V_5_ad.jpg,V
R_6(T).jpg,R
S_5_OD.jpeg,S
S_7_OD.jpeg,S
C_5(T).jpg,C
N_4_OD.jpeg,N
F_1(T).jpg,F
Y_7_ad.jpg,Y
T_8(T).jpg,T
A_1_ad.jpg,A
X_4_OD.jpeg,X
D_2_OD.jpeg,D
I_2_OD.jpeg,I
F_2_OD.jpeg,F
R_5_ad.jpg,R
K_4_ad(1).jpg,K
U_6_ad.jpg,U
I_6_ad.jpg,I
K_5_ad.jpg,K
I_5_OD.jpeg,I
K_3(T).jpg,K
H_6(T).jpg,H
T_3(T).jpg,T
B_2_ad.jpg,B
F_7_ad.jpg,F
B_2_OD.jpeg,B
C_3(T).jpg,C
R_5(T).jpg,R
O_3_ad.jpg,O
I_5_ad.jpg,I
R_1(T).jpg,R
I_7_OD.jpeg,I
V_1_ad.jpg,V
M_4(T).jpg,M
Q_5_ad.jpg,Q
C_1_ad.jpg,C
A_1.jpeg,A
W_1_ad.jpg,W
R_2_OD.jpeg,R
E_1(T).jpg,E
L_7_ad.jpg,L
B_1(T).jpg,B
X_6_ad.jpg,X
F_4_OD.jpeg,F
A_5(T).jpg,A
I_1(T).jpg,I
X_8(T).jpg,X
L_5_ad.jpg,L
V_4(T).jpg,V
Y_6_OD.jpeg,Y
B_7_ad.jpg,B
A_4_OD.jpeg,A
H_6_OD.jpeg,H
T_7_OD.jpeg,T
P_1_OD.jpeg,P
S_1_OD.jpeg,S
C_1.jpeg,C
S_3(T).jpg,S
K_2.jpeg,K
X_2_ad.jpg,X
H_2.jpeg,H
X_1(T).jpg,X
Y_5_OD.jpeg,Y
M_3_OD.jpeg,M
M_3_ad.jpg,M
D_4_ad.jpg,D
K_6_OD.jpeg,K
T_3_OD.jpeg,T
A_5_ad.jpg,A
L_3.jpeg,L
I_5(T).jpg,I
P_2.jpeg,P
F_7(T).jpg,F
O_5(T).jpg,O
O_6_OD.jpeg,O
E_6_ad.jpg,E
N_3(T).jpg,N
P_4_ad.jpg,P
W_6_OD.jpeg,W
A_6(T).jpg,A
K_3_OD.jpeg,K
C_6(T).jpg,C
A_7(T).jpg,A
U_4_OD.jpeg,U
H_2_OD.jpeg,H
E_6(T).jpg,E
F_6(T).jpg,F
S_3_ad.jpg,S
R_2_ad.jpg,R
K_2(T).jpg,K
U_5(T).jpg,U
B_6(T).jpg,B
H_1_OD.jpeg,H
H_7_OD.jpeg,H
C_6_OD.jpeg,C
A_2_ad.jpg,A
L_3_ad.jpg,L
E_4(T).jpg,E
X_5_OD.jpeg,X
U_1_ad.jpg,U
M_6_OD.jpeg,M
C_7_ad.jpg,C
D_4(T).jpg,D
L_2.jpeg,L
W_4(T).jpg,W
L_5_OD.jpeg,L
F_6_ad.jpg,F
I_4_OD.jpeg,I
L_3(T).jpg,L
T_6_ad.jpg,T
S_2_OD.jpeg,S
P_6(T).jpg,P
F_1_ad.jpg,F
T_4_OD.jpeg,T
P_4_OD.jpeg,P
G_7_OD.jpeg,G
B_8_ad.jpg,B
O_4(T).jpg,O
M_2_OD.jpeg,M
M_2(T).jpg,M
I_2(T).jpg,I
S_7_ad.jpg,S
U_1.jpeg,U
R_5_OD.jpeg,R
L_2_OD.jpeg,L
H_8(T).jpg,H
G_2_ad.jpg,G
B_5_OD.jpeg,B
V_6_OD.jpeg,V
E_8(T).jpg,E
X_5(T).jpg,X
N_7_OD.jpeg,N
G_1_OD.jpeg,G
G_1.jpeg,G
F_2_ad.jpg,F
